INSERT INTO s.Emprendedor VALUES
('079728530-7','emprendedor0','www.Emprendedor0.com',235467,'emprendedor0@gmail.com'),
('007066524-7','emprendedor1','www.Emprendedor1.com',235468,'emprendedor1@gmail.com'),
('009845158-7','emprendedor2','www.Emprendedor2.com',235469,'emprendedor2@gmail.com'),
('076053525-7','emprendedor3','www.Emprendedor3.com',235470,'emprendedor3@gmail.com'),
('078317140-6','emprendedor4','www.Emprendedor4.com',235471,'emprendedor4@gmail.com'),
('096627500-6','emprendedor5','www.Emprendedor5.com',235472,'emprendedor5@gmail.com'),
('096609040-5','emprendedor6','www.Emprendedor6.com',235473,'emprendedor6@gmail.com'),
('076195336-2','emprendedor7','www.Emprendedor7.com',235474,'emprendedor7@gmail.com'),
('053321625-0','emprendedor8','www.Emprendedor8.com',235475,'emprendedor8@gmail.com'),
('006992711-4','emprendedor9','www.Emprendedor9.com',235476,'emprendedor9@gmail.com'),
('011928076-1','emprendedor10','www.Emprendedor10.com',235477,'emprendedor10@gmail.com'),
('007136890-4','emprendedor11','www.Emprendedor11.com',235478,'emprendedor11@gmail.com'),
('080761800-8','emprendedor12','www.Emprendedor12.com',235479,'emprendedor12@gmail.com'),
('079874460-7','emprendedor13','www.Emprendedor13.com',235480,'emprendedor13@gmail.com'),
('008171160-7','emprendedor14','www.Emprendedor14.com',235481,'emprendedor14@gmail.com'),
('096566740-7','emprendedor15','www.Emprendedor15.com',235482,'emprendedor15@gmail.com'),
('084912700-4','emprendedor16','www.Emprendedor16.com',235483,'emprendedor16@gmail.com'),
('076195250-1','emprendedor17','www.Emprendedor17.com',235484,'emprendedor17@gmail.com'),
('087782700-3','emprendedor18','www.Emprendedor18.com',235485,'emprendedor18@gmail.com'),
('006027314-6','emprendedor19','www.Emprendedor19.com',235486,'emprendedor19@gmail.com'),
('099552820-7','emprendedor20','www.Emprendedor20.com',235487,'emprendedor20@gmail.com'),
('004842060-5','emprendedor21','www.Emprendedor21.com',235488,'emprendedor21@gmail.com'),
('096756260-2','emprendedor22','www.Emprendedor22.com',235489,'emprendedor22@gmail.com'),
('077688730-7','emprendedor23','www.Emprendedor23.com',235490,'emprendedor23@gmail.com'),
('077685380-1','emprendedor24','www.Emprendedor24.com',235491,'emprendedor24@gmail.com'),
('009544304-4','emprendedor25','www.Emprendedor25.com',235492,'emprendedor25@gmail.com'),
('010504280-9','emprendedor26','www.Emprendedor26.com',235493,'emprendedor26@gmail.com'),
('096821230-3','emprendedor27','www.Emprendedor27.com',235494,'emprendedor27@gmail.com'),
('079891160-0','emprendedor28','www.Emprendedor28.com',235495,'emprendedor28@gmail.com'),
('086247400-7','emprendedor29','www.Emprendedor29.com',235496,'emprendedor29@gmail.com'),
('096523450-0','emprendedor30','www.Emprendedor30.com',235497,'emprendedor30@gmail.com'),
('007928655-9','emprendedor31','www.Emprendedor31.com',235498,'emprendedor31@gmail.com'),
('096579800-5','emprendedor32','www.Emprendedor32.com',235499,'emprendedor32@gmail.com'),
('008854268-1','emprendedor33','www.Emprendedor33.com',235500,'emprendedor33@gmail.com'),
('011117289-7','emprendedor34','www.Emprendedor34.com',235501,'emprendedor34@gmail.com'),
('008695776-0','emprendedor35','www.Emprendedor35.com',235502,'emprendedor35@gmail.com'),
('011927996-8','emprendedor36','www.Emprendedor36.com',235503,'emprendedor36@gmail.com'),
('096971680-1','emprendedor37','www.Emprendedor37.com',235504,'emprendedor37@gmail.com'),
('010724023-3','emprendedor38','www.Emprendedor38.com',235505,'emprendedor38@gmail.com'),
('096701530-K','emprendedor39','www.Emprendedor39.com',235506,'emprendedor39@gmail.com'),
('005493504-8','emprendedor40','www.Emprendedor40.com',235507,'emprendedor40@gmail.com'),
('076234019-4','emprendedor41','www.Emprendedor41.com',235508,'emprendedor41@gmail.com'),
('085785800-K','emprendedor42','www.Emprendedor42.com',235509,'emprendedor42@gmail.com'),
('079872420-7','emprendedor43','www.Emprendedor43.com',235510,'emprendedor43@gmail.com'),
('016194712-1','emprendedor44','www.Emprendedor44.com',235511,'emprendedor44@gmail.com'),
('015296516-8','emprendedor45','www.Emprendedor45.com',235512,'emprendedor45@gmail.com'),
('076908610-2','emprendedor46','www.Emprendedor46.com',235513,'emprendedor46@gmail.com'),
('076030057-8','emprendedor47','www.Emprendedor47.com',235514,'emprendedor47@gmail.com'),
('009526881-1','emprendedor48','www.Emprendedor48.com',235515,'emprendedor48@gmail.com'),
('012308106-4','emprendedor49','www.Emprendedor49.com',235516,'emprendedor49@gmail.com');


INSERT INTO s.Cliente VALUES
('076041492-1','cliente0','05/12/2000',465467,'cliente0@gmail.com'),
('015286895-2','cliente1','08/01/2000',465468,'cliente1@gmail.com'),
('077424780-7','cliente2','23/02/2004',465469,'cliente2@gmail.com'),
('009271988-K','cliente3','09/01/2000',465470,'cliente3@gmail.com'),
('076120247-2','cliente4','06/07/2005',465471,'cliente4@gmail.com'),
('011224836-6','cliente5','08/09/1990',465472,'cliente5@gmail.com'),
('010764229-3','cliente6','08/01/2000',465473,'cliente6@gmail.com'),
('014511089-0','cliente7','02/02/2005',465474,'cliente7@gmail.com'),
('076161725-7','cliente8','13/09/2000',465475,'cliente8@gmail.com'),
('018735145-6','cliente9','08/01/2000',465476,'cliente9@gmail.com'),
('015882937-1','cliente10','08/07/2004',465477,'cliente10@gmail.com'),
('017324439-8','cliente11','05/02/2005',465478,'cliente11@gmail.com'),
('007956792-2','cliente12','08/01/2000',465479,'cliente12@gmail.com'),
('009326698-6','cliente13','20/07/2006',465480,'cliente13@gmail.com'),
('016195063-7','cliente14','08/01/2000',465481,'cliente14@gmail.com'),
('010484614-9','cliente15','28/01/2000',465482,'cliente15@gmail.com'),
('014058876-8','cliente16','08/01/2007',465483,'cliente16@gmail.com'),
('076175118-2','cliente17','08/07/2005',465484,'cliente17@gmail.com'),
('017817508-4','cliente18','10/07/2006',465485,'cliente18@gmail.com'),
('013850054-3','cliente19','08/01/1990',465486,'cliente19@gmail.com'),
('015757188-5','cliente20','23/07/2004',465487,'cliente20@gmail.com'),
('076727139-5','cliente21','18/10/1999',465488,'cliente21@gmail.com'),
('015865668-K','cliente22','08/01/2000',465489,'cliente22@gmail.com'),
('077075473-9','cliente23','26/08/2004',465490,'cliente23@gmail.com'),
('097030000-7','cliente24','20/02/2003',465491,'cliente24@gmail.com'),
('008676996-4','cliente25','20/09/2004',465492,'cliente25@gmail.com'),
('008997402-K','cliente26','08/01/2000',465493,'cliente26@gmail.com'),
('004309412-2','cliente27','25/07/2000',465494,'cliente27@gmail.com'),
('010118885-K','cliente28','08/01/2000',465495,'cliente28@gmail.com'),
('008605612-7','cliente29','25/07/2006',465496,'cliente29@gmail.com'),
('008024517-3','cliente30','08/01/2000',465497,'cliente30@gmail.com'),
('078780780-1','cliente31','08/01/2000',465498,'cliente31@gmail.com'),
('011927929-1','cliente32','08/01/2000',465499,'cliente32@gmail.com'),
('011716091-2','cliente33','08/01/2000',465500,'cliente33@gmail.com'),
('006981980-K','cliente34','08/01/2000',465501,'cliente34@gmail.com'),
('011927908-9','cliente35','08/01/2000',465502,'cliente35@gmail.com'),
('003411509-5','cliente36','11/10/2002',465503,'cliente36@gmail.com'),
('011309797-3','cliente37','17/12/2003',465504,'cliente37@gmail.com'),
('008884532-3','cliente38','31/10/2003',465505,'cliente38@gmail.com'),
('004243118-4','cliente39','14/10/2003',465506,'cliente39@gmail.com'),
('006840066-K','cliente40','02/05/2006',465507,'cliente40@gmail.com'),
('009742470-5','cliente41','30/10/2006',465508,'cliente41@gmail.com'),
('007247982-3','cliente42','08/05/2008',465509,'cliente42@gmail.com'),
('003253050-8','cliente43','30/09/2008',465510,'cliente43@gmail.com'),
('012002811-1','cliente44','24/10/2008',465511,'cliente44@gmail.com'),
('003734412-5','cliente45','18/08/2009',465512,'cliente45@gmail.com'),
('006801060-8','cliente46','23/07/2009',465513,'cliente46@gmail.com'),
('006534984-1','cliente47','08/04/2010',465514,'cliente47@gmail.com'),
('013270075-3','cliente48','30/09/2010',465515,'cliente48@gmail.com'),
('004928741-0','cliente49','28/10/2010',465516,'cliente49@gmail.com');


INSERT INTO s.Producto VALUES
(0,'producto0',100,50,'Air Force Blue (Raf)','metal'),
(1,'producto1',199,1039,'Air Force Blue (Usaf)','metal'),
(2,'producto2',296,2026,'Air Superiority Blue','plastico'),
(3,'producto3',391,3011,'Alabama Crimson','plastico'),
(4,'producto4',484,3994,'Alice Blue','metal'),
(5,'producto5',575,4975,'Alizarin Crimson','metal'),
(6,'producto6',664,5954,'Alloy Orange','plastico'),
(7,'producto7',751,6931,'Almond','metal'),
(8,'producto8',836,7906,'Amaranth','metal'),
(9,'producto9',919,8879,'Amber','plastico'),
(10,'producto10',1000,9850,'Amber (Sae/Ece)','metal'),
(11,'producto11',1079,10819,'American Rose','comestible'),
(12,'producto12',1156,11786,'Amethyst','plastico'),
(13,'producto13',1231,12751,'Android Green','metal'),
(14,'producto14',1304,13714,'Anti-Flash White','plastico'),
(15,'producto15',1375,14675,'Antique Brass','comestible'),
(16,'producto16',1444,15634,'Antique Fuchsia','plastico'),
(17,'producto17',1511,16591,'Antique Ruby','plastico'),
(18,'producto18',1576,17546,'Antique White','metal'),
(19,'producto19',1639,18499,'Ao (English)','metal'),
(20,'producto20',1700,19450,'Apple Green','comestible'),
(21,'producto21',1759,20399,'Apricot','metal'),
(22,'producto22',1816,21346,'Aqua','plastico'),
(23,'producto23',1871,22291,'Aquamarine','comestible'),
(24,'producto24',1924,23234,'Army Green','metal'),
(25,'producto25',1975,24175,'Arsenic','plastico'),
(26,'producto26',2024,25114,'Arylide Yellow','metal'),
(27,'producto27',2071,26051,'Ash Grey','metal'),
(28,'producto28',2116,26986,'Asparagus','metal'),
(29,'producto29',2159,27919,'Atomic Tangerine','comestible'),
(30,'producto30',2200,28850,'Auburn','comestible'),
(31,'producto31',2239,29779,'Aureolin','comestible'),
(32,'producto32',2276,30706,'Aurometalsaurus','metal'),
(33,'producto33',2311,31631,'Avocado','comestible'),
(34,'producto34',2344,32554,'Azure','plastico'),
(35,'producto35',2375,33475,'Azure Mist/Web','plastico'),
(36,'producto36',2404,34394,'Baby Blue','plastico'),
(37,'producto37',2431,35311,'Baby Blue Eyes','metal'),
(38,'producto38',2456,36226,'Baby Pink','metal'),
(39,'producto39',2479,37139,'Ball Blue','comestible'),
(40,'producto40',2500,38050,'Banana Mania','metal'),
(41,'producto41',2519,38959,'Banana Yellow','metal'),
(42,'producto42',2536,39866,'Barn Red','comestible'),
(43,'producto43',2551,40771,'Battleship Grey','comestible'),
(44,'producto44',2564,41674,'Bazaar','plastico'),
(45,'producto45',2575,42575,'Beau Blue','metal'),
(46,'producto46',2584,43474,'Beaver','metal'),
(47,'producto47',2591,44371,'Beige','plastico'),
(48,'producto48',2596,45266,'Big Dip O’Ruby','plastico'),
(49,'producto49',2599,46159,'Bisque','plastico');


INSERT INTO s.Direccion VALUES
(0,'calle0',0,'empty'),
(1,'calle1',99,'empty'),
(2,'calle2',196,'empty'),
(3,'calle3',291,'empty'),
(4,'calle4',384,'empty'),
(5,'calle5',475,'empty'),
(6,'calle6',564,'empty'),
(7,'calle7',651,'empty'),
(8,'calle8',736,'empty'),
(9,'calle9',819,'empty'),
(10,'calle10',900,'empty'),
(11,'calle11',979,'empty'),
(12,'calle12',1056,'empty'),
(13,'calle13',1131,'empty'),
(14,'calle14',1204,'empty'),
(15,'calle15',1275,'empty'),
(16,'calle16',1344,'empty'),
(17,'calle17',1411,'empty'),
(18,'calle18',1476,'empty'),
(19,'calle19',1539,'empty'),
(20,'calle20',1600,'empty'),
(21,'calle21',1659,'empty'),
(22,'calle22',1716,'empty'),
(23,'calle23',1771,'empty'),
(24,'calle24',1824,'empty'),
(25,'calle25',1875,'empty'),
(26,'calle26',1924,'empty'),
(27,'calle27',1971,'empty'),
(28,'calle28',2016,'empty'),
(29,'calle29',2059,'empty'),
(30,'calle30',2100,'empty'),
(31,'calle31',2139,'empty'),
(32,'calle32',2176,'empty'),
(33,'calle33',2211,'empty'),
(34,'calle34',2244,'empty'),
(35,'calle35',2275,'empty'),
(36,'calle36',2304,'empty'),
(37,'calle37',2331,'empty'),
(38,'calle38',2356,'empty'),
(39,'calle39',2379,'empty'),
(40,'calle40',2400,'empty'),
(41,'calle41',2419,'empty'),
(42,'calle42',2436,'empty'),
(43,'calle43',2451,'empty'),
(44,'calle44',2464,'empty'),
(45,'calle45',2475,'empty'),
(46,'calle46',2484,'empty'),
(47,'calle47',2491,'empty'),
(48,'calle48',2496,'empty'),
(49,'calle49',2499,'empty'),
(50,'calle50',2500,'empty'),
(51,'calle51',2499,'empty'),
(52,'calle52',2496,'empty'),
(53,'calle53',2491,'empty'),
(54,'calle54',2484,'empty'),
(55,'calle55',2475,'empty'),
(56,'calle56',2464,'empty'),
(57,'calle57',2451,'empty'),
(58,'calle58',2436,'empty'),
(59,'calle59',2419,'empty'),
(60,'calle60',2400,'empty'),
(61,'calle61',2379,'empty'),
(62,'calle62',2356,'empty'),
(63,'calle63',2331,'empty'),
(64,'calle64',2304,'empty'),
(65,'calle65',2275,'empty'),
(66,'calle66',2244,'empty'),
(67,'calle67',2211,'empty'),
(68,'calle68',2176,'empty'),
(69,'calle69',2139,'empty'),
(70,'calle70',2100,'empty'),
(71,'calle71',2059,'empty'),
(72,'calle72',2016,'empty'),
(73,'calle73',1971,'empty'),
(74,'calle74',1924,'empty'),
(75,'calle75',1875,'empty'),
(76,'calle76',1824,'empty'),
(77,'calle77',1771,'empty'),
(78,'calle78',1716,'empty'),
(79,'calle79',1659,'empty'),
(80,'calle80',1600,'empty'),
(81,'calle81',1539,'empty'),
(82,'calle82',1476,'empty'),
(83,'calle83',1411,'empty'),
(84,'calle84',1344,'empty'),
(85,'calle85',1275,'empty'),
(86,'calle86',1204,'empty'),
(87,'calle87',1131,'empty'),
(88,'calle88',1056,'empty'),
(89,'calle89',979,'empty'),
(90,'calle90',900,'empty'),
(91,'calle91',819,'empty'),
(92,'calle92',736,'empty'),
(93,'calle93',651,'empty'),
(94,'calle94',564,'empty'),
(95,'calle95',475,'empty'),
(96,'calle96',384,'empty'),
(97,'calle97',291,'empty'),
(98,'calle98',196,'empty'),
(99,'calle99',99,'empty');


INSERT INTO s.Categoria VALUES
(0,'categoria0'),
(1,'categoria1'),
(2,'categoria2'),
(3,'categoria3'),
(4,'categoria4'),
(5,'categoria5'),
(6,'categoria6'),
(7,'categoria7'),
(8,'categoria8'),
(9,'categoria9'),
(10,'categoria10');


INSERT INTO s.MedioPago VALUES
(10,'efectivo'),
(11,'cheque'),
(12,'credito'),
(13,'debito'),
(14,'paypal');


INSERT INTO s.Region VALUES
('Región de Arica y Parinacota'),
('Región de Tarapacá.'),
('Región de Antofagasta.'),
('Región de Atacama.'),
('Región de Coquimbo.'),
('Región de Valparaíso.'),
('Región Metropolitana de Santiago.'),
('Región del Libertador General Bernardo O’Higgins.'),
('Región del Maule.'),
('Región del Ñuble.'),
('Región del Biobío.'),
('Región de La Araucanía.'),
('Región de Los Ríos.'),
('Región de Los Lagos.'),
('Región de Aysén del General Carlos Ibáñez del Campo.'),
('Región de Magallanes y la Antártica Chilena.');


INSERT INTO s.Servicio VALUES
(0,'servicio0',0,18,0),
(1,'servicio1',99,0,3),
(2,'servicio2',196,16,8),
(3,'servicio3',291,0,2),
(4,'servicio4',384,0,9),
(5,'servicio5',475,0,0),
(6,'servicio6',564,12,5),
(7,'servicio7',651,18,4),
(8,'servicio8',736,0,8),
(9,'servicio9',819,0,6),
(10,'servicio10',900,0,10),
(11,'servicio11',979,12,0),
(12,'servicio12',1056,0,9),
(13,'servicio13',1131,16,8),
(14,'servicio14',1204,18,5),
(15,'servicio15',1275,12,7),
(16,'servicio16',1344,18,10),
(17,'servicio17',1411,0,10),
(18,'servicio18',1476,16,7),
(19,'servicio19',1539,12,6),
(20,'servicio20',1600,16,8),
(21,'servicio21',1659,18,1),
(22,'servicio22',1716,16,8),
(23,'servicio23',1771,12,9),
(24,'servicio24',1824,12,6),
(25,'servicio25',1875,16,10),
(26,'servicio26',1924,0,3),
(27,'servicio27',1971,18,8),
(28,'servicio28',2016,18,5),
(29,'servicio29',2059,16,7),
(30,'servicio30',2100,0,1);


INSERT INTO s.Ciudad VALUES
('ciudad0','Región de La Araucanía.'),
('ciudad1','Región de Arica y Parinacota'),
('ciudad2','Región de Atacama.'),
('ciudad3','Región de Los Ríos.'),
('ciudad4','Región del Libertador General Bernardo O’Higgins.'),
('ciudad5','Región del Maule.'),
('ciudad6','Región de Valparaíso.'),
('ciudad7','Región del Libertador General Bernardo O’Higgins.'),
('ciudad8','Región de La Araucanía.'),
('ciudad9','Región de Aysén del General Carlos Ibáñez del Campo.'),
('ciudad10','Región de Los Ríos.'),
('ciudad11','Región Metropolitana de Santiago.'),
('ciudad12','Región de Coquimbo.'),
('ciudad13','Región de La Araucanía.'),
('ciudad14','Región Metropolitana de Santiago.'),
('ciudad15','Región de Arica y Parinacota'),
('ciudad16','Región de Los Lagos.'),
('ciudad17','Región de Los Ríos.'),
('ciudad18','Región de Valparaíso.'),
('ciudad19','Región del Libertador General Bernardo O’Higgins.'),
('ciudad20','Región de Coquimbo.'),
('ciudad21','Región del Libertador General Bernardo O’Higgins.'),
('ciudad22','Región de Antofagasta.'),
('ciudad23','Región de Arica y Parinacota'),
('ciudad24','Región del Ñuble.'),
('ciudad25','Región de Aysén del General Carlos Ibáñez del Campo.'),
('ciudad26','Región de Arica y Parinacota'),
('ciudad27','Región de Arica y Parinacota'),
('ciudad28','Región de Atacama.'),
('ciudad29','Región del Maule.'),
('ciudad30','Región de Atacama.'),
('ciudad31','Región del Maule.'),
('ciudad32','Región de La Araucanía.'),
('ciudad33','Región de Arica y Parinacota'),
('ciudad34','Región de Antofagasta.'),
('ciudad35','Región de Los Lagos.'),
('ciudad36','Región del Ñuble.'),
('ciudad37','Región de Arica y Parinacota'),
('ciudad38','Región de Los Lagos.'),
('ciudad39','Región de Valparaíso.'),
('ciudad40','Región del Libertador General Bernardo O’Higgins.'),
('ciudad41','Región de Los Ríos.'),
('ciudad42','Región de Los Lagos.'),
('ciudad43','Región Metropolitana de Santiago.'),
('ciudad44','Región de Tarapacá.'),
('ciudad45','Región del Biobío.'),
('ciudad46','Región de Aysén del General Carlos Ibáñez del Campo.'),
('ciudad47','Región de Antofagasta.'),
('ciudad48','Región de La Araucanía.'),
('ciudad49','Región del Maule.'),
('ciudad50','Región de Aysén del General Carlos Ibáñez del Campo.'),
('ciudad51','Región del Ñuble.'),
('ciudad52','Región del Biobío.'),
('ciudad53','Región de Los Lagos.'),
('ciudad54','Región del Libertador General Bernardo O’Higgins.'),
('ciudad55','Región de Tarapacá.'),
('ciudad56','Región Metropolitana de Santiago.'),
('ciudad57','Región de Antofagasta.'),
('ciudad58','Región de Atacama.'),
('ciudad59','Región del Libertador General Bernardo O’Higgins.'),
('ciudad60','Región del Maule.'),
('ciudad61','Región de Valparaíso.'),
('ciudad62','Región del Ñuble.'),
('ciudad63','Región del Libertador General Bernardo O’Higgins.'),
('ciudad64','Región de Los Lagos.'),
('ciudad65','Región de La Araucanía.'),
('ciudad66','Región del Biobío.'),
('ciudad67','Región de Tarapacá.'),
('ciudad68','Región de Los Lagos.'),
('ciudad69','Región del Ñuble.'),
('ciudad70','Región de Antofagasta.'),
('ciudad71','Región de Valparaíso.'),
('ciudad72','Región del Maule.'),
('ciudad73','Región de Tarapacá.'),
('ciudad74','Región de Atacama.'),
('ciudad75','Región del Libertador General Bernardo O’Higgins.'),
('ciudad76','Región del Ñuble.'),
('ciudad77','Región de Los Lagos.'),
('ciudad78','Región de Arica y Parinacota'),
('ciudad79','Región de Atacama.');


INSERT INTO s.Tiene VALUES
(0,'ciudad19'),
(1,'ciudad68'),
(2,'ciudad44'),
(3,'ciudad47'),
(4,'ciudad37'),
(5,'ciudad79'),
(6,'ciudad73'),
(7,'ciudad6'),
(8,'ciudad27'),
(9,'ciudad54'),
(10,'ciudad41'),
(11,'ciudad22'),
(12,'ciudad14'),
(13,'ciudad59'),
(14,'ciudad23'),
(15,'ciudad15'),
(16,'ciudad66'),
(17,'ciudad25'),
(18,'ciudad64'),
(19,'ciudad9'),
(20,'ciudad36'),
(21,'ciudad75'),
(22,'ciudad21'),
(23,'ciudad58'),
(24,'ciudad18'),
(25,'ciudad59'),
(26,'ciudad23'),
(27,'ciudad72'),
(28,'ciudad20'),
(29,'ciudad20'),
(30,'ciudad58'),
(31,'ciudad47'),
(32,'ciudad74'),
(33,'ciudad77'),
(34,'ciudad39'),
(35,'ciudad38'),
(36,'ciudad78'),
(37,'ciudad36'),
(38,'ciudad76'),
(39,'ciudad62'),
(40,'ciudad72'),
(41,'ciudad72'),
(42,'ciudad15'),
(43,'ciudad27'),
(44,'ciudad47'),
(45,'ciudad29'),
(46,'ciudad34'),
(47,'ciudad14'),
(48,'ciudad11'),
(49,'ciudad61'),
(50,'ciudad3'),
(51,'ciudad21'),
(52,'ciudad45'),
(53,'ciudad27'),
(54,'ciudad36'),
(55,'ciudad44'),
(56,'ciudad42'),
(57,'ciudad48'),
(58,'ciudad25'),
(59,'ciudad23'),
(60,'ciudad67'),
(61,'ciudad51'),
(62,'ciudad49'),
(63,'ciudad58'),
(64,'ciudad51'),
(65,'ciudad40'),
(66,'ciudad1'),
(67,'ciudad26'),
(68,'ciudad15'),
(69,'ciudad39'),
(70,'ciudad52'),
(71,'ciudad76'),
(72,'ciudad9'),
(73,'ciudad24'),
(74,'ciudad72'),
(75,'ciudad18'),
(76,'ciudad25'),
(77,'ciudad15'),
(78,'ciudad72'),
(79,'ciudad71'),
(80,'ciudad32'),
(81,'ciudad53'),
(82,'ciudad29'),
(83,'ciudad17'),
(84,'ciudad50'),
(85,'ciudad38'),
(86,'ciudad18'),
(87,'ciudad22'),
(88,'ciudad70'),
(89,'ciudad0'),
(90,'ciudad47'),
(91,'ciudad31'),
(92,'ciudad64'),
(93,'ciudad40'),
(94,'ciudad32'),
(95,'ciudad8'),
(96,'ciudad35'),
(97,'ciudad69'),
(98,'ciudad19'),
(99,'ciudad58');


INSERT INTO s.Atiende VALUES
(0,'079728530-7'),
(1,'007066524-7'),
(2,'009845158-7'),
(3,'076053525-7'),
(4,'078317140-6'),
(5,'096627500-6'),
(6,'096609040-5'),
(7,'076195336-2'),
(8,'053321625-0'),
(9,'006992711-4'),
(10,'011928076-1'),
(11,'007136890-4'),
(12,'080761800-8'),
(13,'079874460-7'),
(14,'008171160-7'),
(15,'096566740-7'),
(16,'084912700-4'),
(17,'076195250-1'),
(18,'087782700-3'),
(19,'006027314-6'),
(20,'099552820-7'),
(21,'004842060-5'),
(22,'096756260-2'),
(23,'077688730-7'),
(24,'077685380-1'),
(25,'009544304-4'),
(26,'010504280-9'),
(27,'096821230-3'),
(28,'079891160-0'),
(29,'086247400-7'),
(30,'096523450-0'),
(31,'007928655-9'),
(32,'096579800-5'),
(33,'008854268-1'),
(34,'011117289-7'),
(35,'008695776-0'),
(36,'011927996-8'),
(37,'096971680-1'),
(38,'010724023-3'),
(39,'096701530-K'),
(40,'005493504-8'),
(41,'076234019-4'),
(42,'085785800-K'),
(43,'079872420-7'),
(44,'016194712-1'),
(45,'015296516-8'),
(46,'076908610-2'),
(47,'076030057-8'),
(48,'009526881-1'),
(49,'012308106-4');


INSERT INTO s.Despacho VALUES
(50,'076041492-1'),
(51,'015286895-2'),
(52,'077424780-7'),
(53,'009271988-K'),
(54,'076120247-2'),
(55,'011224836-6'),
(56,'010764229-3'),
(57,'014511089-0'),
(58,'076161725-7'),
(59,'018735145-6'),
(60,'015882937-1'),
(61,'017324439-8'),
(62,'007956792-2'),
(63,'009326698-6'),
(64,'016195063-7'),
(65,'010484614-9'),
(66,'014058876-8'),
(67,'076175118-2'),
(68,'017817508-4'),
(69,'013850054-3'),
(70,'015757188-5'),
(71,'076727139-5'),
(72,'015865668-K'),
(73,'077075473-9'),
(74,'097030000-7'),
(75,'008676996-4'),
(76,'008997402-K'),
(77,'004309412-2'),
(78,'010118885-K'),
(79,'008605612-7'),
(80,'008024517-3'),
(81,'078780780-1'),
(82,'011927929-1'),
(83,'011716091-2'),
(84,'006981980-K'),
(85,'011927908-9'),
(86,'003411509-5'),
(87,'011309797-3'),
(88,'008884532-3'),
(89,'004243118-4'),
(90,'006840066-K'),
(91,'009742470-5'),
(92,'007247982-3'),
(93,'003253050-8'),
(94,'012002811-1'),
(95,'003734412-5'),
(96,'006801060-8'),
(97,'006534984-1'),
(98,'013270075-3'),
(99,'004928741-0');


INSERT INTO s.ofreceServicio VALUES
('009845158-7',26,'02/01/2009','01/01/2030',36963),
('010724023-3',0,'16/03/2020','01/01/2030',47622),
('076234019-4',8,'10/09/2019','01/01/2030',46599),
('010724023-3',12,'19/03/2012','01/01/2030',47156),
('007066524-7',17,'22/12/2000','01/01/2030',49525),
('079728530-7',14,'08/01/2000','01/01/2030',24916),
('005493504-8',13,'14/08/2017','01/01/2030',9221),
('085785800-K',25,'06/03/2014','01/01/2030',39185),
('004842060-5',1,'30/08/2016','01/01/2030',30349),
('096627500-6',24,'18/07/2013','01/01/2030',19484),
('086247400-7',27,'16/01/2017','01/01/2030',7079),
('099552820-7',12,'25/06/2020','01/01/2030',8166),
('086247400-7',11,'06/11/1998','01/01/2030',15783),
('012308106-4',2,'11/01/2013','01/01/2030',48800),
('011927996-8',18,'08/01/2000','01/01/2030',42093),
('016194712-1',8,'16/11/2012','01/01/2030',36002),
('007136890-4',22,'08/01/2000','01/01/2030',19250),
('004842060-5',4,'12/08/2016','01/01/2030',35974),
('015296516-8',16,'04/10/2017','01/01/2030',33339),
('079874460-7',12,'08/01/2000','01/01/2030',40129),
('012308106-4',3,'18/12/2000','01/01/2030',24662),
('079872420-7',0,'14/09/2017','01/01/2030',15757),
('076195250-1',8,'14/10/2008','01/01/2030',21625),
('077685380-1',4,'27/09/2019','01/01/2030',20422),
('007928655-9',22,'19/01/2015','01/01/2030',12027),
('096627500-6',24,'30/01/2014','01/01/2030',48024),
('087782700-3',20,'27/09/2010','01/01/2030',35030),
('010504280-9',15,'26/10/2018','01/01/2030',8805),
('096579800-5',4,'22/09/2009','01/01/2030',14933),
('080761800-8',5,'14/10/2008','01/01/2030',42935),
('084912700-4',20,'13/03/2018','01/01/2030',10754),
('096566740-7',26,'23/07/2019','01/01/2030',9143),
('079891160-0',20,'05/01/2009','01/01/2030',13714),
('096566740-7',28,'12/04/2002','01/01/2030',9926),
('008695776-0',25,'21/06/2006','01/01/2030',43029),
('009526881-1',15,'31/10/2003','01/01/2030',5827),
('079728530-7',18,'01/12/2014','01/01/2030',39560),
('076030057-8',16,'24/01/2020','01/01/2030',27319),
('079891160-0',12,'23/03/2006','01/01/2030',5328),
('096627500-6',14,'24/02/2016','01/01/2030',14427),
('007928655-9',7,'26/01/2012','01/01/2030',25155),
('096523450-0',3,'07/06/2011','01/01/2030',16832),
('007136890-4',11,'08/01/2000','01/01/2030',32958),
('076053525-7',10,'24/09/2018','01/01/2030',17917),
('006027314-6',5,'20/10/2015','01/01/2030',26746),
('005493504-8',30,'09/10/2013','01/01/2030',34016),
('009544304-4',25,'23/06/1999','01/01/2030',14226),
('079728530-7',7,'17/10/2014','01/01/2030',42683),
('096523450-0',12,'25/08/2005','01/01/2030',47271),
('096971680-1',14,'06/05/2013','01/01/2030',20460);


INSERT INTO s.ofreceProducto VALUES
('096701530-K',8,'31/10/2003','01/01/2030' ,24),
('016194712-1',43,'14/08/2018','01/01/2030' ,275),
('079891160-0',6,'29/10/2018','01/01/2030' ,157),
('076195336-2',29,'19/05/2017','01/01/2030' ,208),
('016194712-1',18,'24/01/2020','01/01/2030' ,110),
('008695776-0',33,'08/01/2000','01/01/2030' ,244),
('085785800-K',34,'08/01/2000','01/01/2030' ,401),
('077685380-1',18,'07/10/2015','01/01/2030' ,128),
('006992711-4',35,'05/08/2016','01/01/2030' ,443),
('085785800-K',11,'07/01/2010','01/01/2030' ,426),
('076908610-2',42,'05/08/2010','01/01/2030' ,191),
('006027314-6',6,'09/02/2004','01/01/2030' ,299),
('085785800-K',42,'16/08/2005','01/01/2030' ,142),
('008171160-7',28,'06/01/2006','01/01/2030' ,132),
('011927996-8',49,'14/08/2018','01/01/2030' ,176),
('010724023-3',7,'06/04/2017','01/01/2030' ,255),
('053321625-0',4,'08/01/2000','01/01/2030' ,306),
('006992711-4',28,'02/05/2017','01/01/2030' ,127),
('078317140-6',27,'18/01/2019','01/01/2030' ,56),
('078317140-6',26,'15/09/2015','01/01/2030' ,72),
('099552820-7',36,'04/01/2012','01/01/2030' ,475),
('096627500-6',35,'18/07/2006','01/01/2030' ,369),
('096627500-6',25,'22/02/2000','01/01/2030' ,388),
('085785800-K',13,'27/12/2006','01/01/2030' ,285),
('011928076-1',15,'11/07/2017','01/01/2030' ,61),
('006992711-4',28,'25/10/2012','01/01/2030' ,344),
('076195250-1',15,'25/10/2010','01/01/2030' ,260),
('011927996-8',6,'25/03/2019','01/01/2030' ,438),
('076234019-4',13,'17/12/2015','01/01/2030' ,294),
('096523450-0',31,'08/05/2007','01/01/2030' ,480),
('016194712-1',30,'05/02/2016','01/01/2030' ,263),
('008171160-7',31,'04/01/2005','01/01/2030' ,104),
('078317140-6',25,'11/01/2012','01/01/2030' ,47),
('011927996-8',17,'28/11/2014','01/01/2030' ,119),
('096609040-5',29,'15/01/2019','01/01/2030' ,39),
('079874460-7',46,'18/12/2000','01/01/2030' ,469),
('009845158-7',33,'04/01/2010','01/01/2030' ,352),
('008695776-0',34,'14/12/2000','01/01/2030' ,28),
('096971680-1',35,'30/01/2019','01/01/2030' ,405),
('053321625-0',28,'21/06/2006','01/01/2030' ,478),
('079872420-7',2,'27/07/2006','01/01/2030' ,282),
('006992711-4',34,'31/08/2007','01/01/2030' ,137),
('011928076-1',22,'03/01/2019','01/01/2030' ,61),
('006027314-6',34,'20/11/2012','01/01/2030' ,291),
('096627500-6',1,'27/09/2006','01/01/2030' ,479),
('016194712-1',0,'29/01/2010','01/01/2030' ,196),
('096579800-5',44,'11/10/2016','01/01/2030' ,162),
('096971680-1',42,'04/01/2005','01/01/2030' ,348),
('009544304-4',1,'31/01/2013','01/01/2030' ,250),
('004842060-5',33,'28/05/2020','01/01/2030' ,500);


INSERT INTO s.Monto VALUES
(4995 ,5944),
(24995 ,29744),
(8795 ,10466),
(5947 ,7076),
(20995 ,24984),
(10497 ,12491),
(3997 ,4756),
(1595 ,1898),
(15197 ,18084),
(9637 ,11468),
(13495 ,16059),
(14495 ,17249),
(4497 ,5351),
(5295 ,6301),
(21995 ,26174),
(14397 ,17132),
(3995 ,4754),
(10197 ,12134),
(4495 ,5349),
(5397 ,6422),
(9495 ,11299),
(7295 ,8681),
(15997 ,19036),
(6297 ,7493),
(2795 ,3326),
(19995 ,23794),
(4897 ,5827);


INSERT INTO s.Maestro VALUES
(0 ,'producto','empty','17/01/2013','0'),
(1 ,'producto','empty','05/03/2018','1'),
(2 ,'producto','empty','17/08/2004','1'),
(3 ,'servicio','empty','04/05/2018','1'),
(4 ,'producto','empty','14/08/2018','1'),
(5 ,'producto','empty','08/01/2000','0'),
(6 ,'servicio','empty','16/10/2017','1'),
(7 ,'servicio','empty','07/08/2017','0'),
(8 ,'servicio','empty','08/01/2000','1'),
(9 ,'servicio','empty','16/03/2020','1'),
(10 ,'servicio','empty','08/01/2000','0');


INSERT INTO s.compraProducto VALUES
(9 ,'014511089-0',4995,9,12),
(31 ,'014058876-8',14495,7,10),
(27 ,'076041492-1',2795,1,12),
(8 ,'009326698-6',4995,4,14),
(9 ,'097030000-7',15197,4,10),
(42 ,'010118885-K',9495,4,12),
(18 ,'004309412-2',4897,10,14),
(9 ,'076727139-5',4495,7,11),
(30 ,'008676996-4',21995,2,11),
(33 ,'016195063-7',24995,1,12),
(4 ,'003734412-5',24995,0,12),
(38 ,'076727139-5',3997,2,14),
(40 ,'010764229-3',21995,0,14),
(35 ,'011309797-3',15197,4,10),
(43 ,'008024517-3',15997,9,11),
(36 ,'011927908-9',10497,8,12),
(39 ,'016195063-7',5397,8,12),
(14 ,'011224836-6',4495,10,13),
(15 ,'078780780-1',9637,9,12),
(42 ,'003734412-5',1595,9,10),
(7 ,'009326698-6',14495,3,14),
(0 ,'008676996-4',9637,9,10),
(14 ,'017817508-4',14397,5,12),
(20 ,'077075473-9',4995,8,12),
(39 ,'011309797-3',10197,10,13),
(43 ,'015757188-5',4995,8,12),
(9 ,'097030000-7',5295,5,14),
(18 ,'009742470-5',5947,4,11),
(3 ,'011309797-3',15197,9,14),
(13 ,'015865668-K',9637,7,14),
(40 ,'008605612-7',9495,6,10),
(48 ,'017324439-8',4897,10,13),
(21 ,'077424780-7',21995,10,10),
(7 ,'011716091-2',24995,3,11),
(29 ,'078780780-1',1595,9,11),
(46 ,'011224836-6',3995,3,10),
(10 ,'003734412-5',5397,0,10),
(13 ,'018735145-6',8795,5,12),
(44 ,'097030000-7',8795,1,12),
(10 ,'010764229-3',20995,6,11),
(36 ,'015757188-5',8795,1,10),
(43 ,'006981980-K',14397,10,11),
(6 ,'004309412-2',24995,6,11),
(41 ,'007247982-3',4897,7,11),
(7 ,'076175118-2',2795,10,11),
(2 ,'017817508-4',10197,5,13),
(41 ,'011927929-1',4497,0,11),
(12 ,'003253050-8',6297,2,12),
(11 ,'014511089-0',4497,1,14),
(45 ,'003253050-8',4897,1,14);


INSERT INTO s.compraServicio VALUES
('015882937-1',3,13,0),
('011309797-3',1,11,6),
('076175118-2',0,12,1),
('006840066-K',0,11,18),
('076161725-7',3,10,0),
('010118885-K',0,10,28),
('007247982-3',1,13,19),
('015286895-2',6,12,13),
('015865668-K',4,10,18),
('008997402-K',0,13,28),
('009271988-K',7,14,14),
('013850054-3',5,14,25),
('015882937-1',3,10,27),
('017817508-4',10,13,3),
('003734412-5',4,12,6),
('011927908-9',9,10,24),
('004243118-4',5,13,25),
('011927908-9',10,10,22),
('010764229-3',2,12,15),
('097030000-7',6,13,19),
('018735145-6',3,14,22),
('013850054-3',6,13,22),
('006981980-K',9,10,3),
('003253050-8',4,11,19),
('014511089-0',1,11,8),
('007956792-2',3,12,24),
('011309797-3',5,10,27),
('077075473-9',1,11,22),
('015757188-5',1,14,7),
('008605612-7',9,12,6),
('006840066-K',3,14,30),
('012002811-1',9,12,5),
('009271988-K',0,11,28),
('076727139-5',0,13,22),
('097030000-7',2,11,23),
('015882937-1',4,12,20),
('007247982-3',5,13,15),
('004243118-4',4,13,7),
('011309797-3',1,12,27),
('076727139-5',9,12,27),
('014511089-0',5,10,19),
('006801060-8',3,13,16),
('008024517-3',6,12,7),
('076175118-2',6,11,19),
('015286895-2',3,12,21),
('017324439-8',4,12,26),
('077075473-9',9,10,5),
('011927929-1',8,14,24),
('011927908-9',3,12,20),
('077075473-9',8,14,2);


